<?xml version="1.0" encoding="UTF-8"?>
<GenRun Id="matrix_processor_axis_0_synth_1" LaunchPart="xc7vx485tffg1157-1" LaunchTime="1746615673">
  <File Type="PA-TCL" Name="matrix_processor_axis_0.tcl"/>
  <File Type="REPORTS-TCL" Name="matrix_processor_axis_0_reports.tcl"/>
  <File Type="RDS-RDS" Name="matrix_processor_axis_0.vds"/>
  <File Type="RDS-UTIL" Name="matrix_processor_axis_0_utilization_synth.rpt"/>
  <File Type="RDS-UTIL-PB" Name="matrix_processor_axis_0_utilization_synth.pb"/>
  <File Type="RDS-DCP" Name="matrix_processor_axis_0.dcp"/>
  <FileSet Name="sources" Type="BlockSrcs" RelSrcDir="$PSRCDIR/matrix_processor_axis_0" RelGenDir="$PGENDIR/matrix_processor_axis_0">
    <File Path="$PSRCDIR/sources_1/ip/matrix_processor_axis_0/matrix_processor_axis_0.xci">
      <FileInfo>
        <Attr Name="UsedIn" Val="synthesis"/>
        <Attr Name="UsedIn" Val="implementation"/>
        <Attr Name="UsedIn" Val="simulation"/>
      </FileInfo>
    </File>
    <Config>
      <Option Name="TopModule" Val="matrix_processor_axis_0"/>
      <Option Name="UseBlackboxStub" Val="1"/>
    </Config>
  </FileSet>
  <FileSet Name="constrs_in" Type="BlockSrcs" RelSrcDir="$PSRCDIR/matrix_processor_axis_0" RelGenDir="$PGENDIR/matrix_processor_axis_0">
    <File Path="$PSRCDIR/sources_1/ip/matrix_processor_axis_0/matrix_processor_axis_0.xci">
      <FileInfo>
        <Attr Name="UsedIn" Val="synthesis"/>
        <Attr Name="UsedIn" Val="implementation"/>
        <Attr Name="UsedIn" Val="simulation"/>
      </FileInfo>
    </File>
    <Config>
      <Option Name="TopModule" Val="matrix_processor_axis_0"/>
      <Option Name="UseBlackboxStub" Val="1"/>
    </Config>
  </FileSet>
  <FileSet Name="utils" Type="Utils" RelSrcDir="$PSRCDIR/utils_1" RelGenDir="$PGENDIR/utils_1">
    <Filter Type="Utils"/>
    <Config>
      <Option Name="TopAutoSet" Val="TRUE"/>
    </Config>
  </FileSet>
  <Strategy Version="1" Minor="2">
    <StratHandle Name="Vivado Synthesis Defaults" Flow="Vivado Synthesis 2024"/>
    <Step Id="synth_design"/>
  </Strategy>
</GenRun>
