<?xml version="1.0"?>
<Runs Version="1" Minor="0">
	<Run Id="matrix_processor_axis_0_synth_1" LaunchDir="C:/Users/arty/YandexDisk/vivado_project/LDPC/matrix_generator/matrix_generator/matrix_generator.runs/matrix_processor_axis_0_synth_1" FlowId="Vivado_Synthesis" FromStepId="vivado" ToStepId="vivado"/>
	<Run Id="synth_1" LaunchDir="C:/Users/arty/YandexDisk/vivado_project/LDPC/matrix_generator/matrix_generator/matrix_generator.runs/synth_1" FlowId="Vivado_Synthesis" FromStepId="vivado" ToStepId="vivado">
		<Parent Id="matrix_processor_axis_0_synth_1"/>
	</Run>
	<Parameters>
		<Parameter Name="runs.monitorLSFJobs" Val="true" Type="bool"/>
		<Parameter Name="runs.enableClusterConf" Val="true" Type="bool"/>
		<Parameter Name="general.shortenLongPath" Val="true" Type="bool"/>
	</Parameters>
	<ProductInfo Name="vivado"/>
</Runs>

