<?xml version="1.0" encoding="UTF-8"?>
<GenRun Id="synth_1" LaunchPart="xc7vx485tffg1157-1" LaunchTime="1747029575" LaunchIncrCheckpoint="$PSRCDIR/utils_1/imports/synth_1/matrix_processor_axis_0_tb.dcp">
  <File Type="PA-TCL" Name="matrix_processor_axis_0_tb.tcl"/>
  <File Type="RDS-PROPCONSTRS" Name="matrix_processor_axis_0_tb_drc_synth.rpt"/>
  <File Type="REPORTS-TCL" Name="matrix_processor_axis_0_tb_reports.tcl"/>
  <File Type="RDS-RDS" Name="matrix_processor_axis_0_tb.vds"/>
  <File Type="RDS-UTIL" Name="matrix_processor_axis_0_tb_utilization_synth.rpt"/>
  <File Type="RDS-UTIL-PB" Name="matrix_processor_axis_0_tb_utilization_synth.pb"/>
  <File Type="RDS-DCP" Name="matrix_processor_axis_0_tb.dcp"/>
  <File Type="VDS-TIMINGSUMMARY" Name="matrix_processor_axis_0_tb_timing_summary_synth.rpt"/>
  <File Type="VDS-TIMING-PB" Name="matrix_processor_axis_0_tb_timing_summary_synth.pb"/>
  <FileSet Name="sources" Type="DesignSrcs" RelSrcDir="$PSRCDIR/sources_1" RelGenDir="$PGENDIR/sources_1">
    <Filter Type="Srcs"/>
    <File Path="$PSRCDIR/sources_1/new/matrix_processor_axis_0_tb.v">
      <FileInfo>
        <Attr Name="UsedIn" Val="synthesis"/>
        <Attr Name="UsedIn" Val="implementation"/>
        <Attr Name="UsedIn" Val="simulation"/>
      </FileInfo>
    </File>
    <File Path="$PSRCDIR/sources_1/bd/design_1/design_1.bd">
      <FileInfo>
        <Attr Name="AutoDisabled" Val="1"/>
        <Attr Name="UsedIn" Val="synthesis"/>
        <Attr Name="UsedIn" Val="implementation"/>
        <Attr Name="UsedIn" Val="simulation"/>
      </FileInfo>
    </File>
    <File Path="$PPRDIR/../ip_repo/component.xml">
      <FileInfo SFType="IPXACT"/>
    </File>
    <Config>
      <Option Name="DesignMode" Val="RTL"/>
      <Option Name="TopModule" Val="matrix_processor_axis_0_tb"/>
      <Option Name="TopAutoSet" Val="TRUE"/>
    </Config>
  </FileSet>
  <FileSet Name="constrs_in" Type="Constrs" RelSrcDir="$PSRCDIR/constrs_1" RelGenDir="$PGENDIR/constrs_1">
    <Filter Type="Constrs"/>
    <Config>
      <Option Name="ConstrsType" Val="XDC"/>
    </Config>
  </FileSet>
  <FileSet Name="utils" Type="Utils" RelSrcDir="$PSRCDIR/utils_1" RelGenDir="$PGENDIR/utils_1">
    <Filter Type="Utils"/>
    <File Path="$PSRCDIR/utils_1/imports/synth_1/matrix_processor_axis_0_tb.dcp">
      <FileInfo>
        <Attr Name="UsedIn" Val="synthesis"/>
        <Attr Name="UsedIn" Val="implementation"/>
        <Attr Name="UsedInSteps" Val="synth_1"/>
        <Attr Name="AutoDcp" Val="1"/>
      </FileInfo>
    </File>
    <Config>
      <Option Name="TopAutoSet" Val="TRUE"/>
    </Config>
  </FileSet>
  <Strategy Version="1" Minor="2">
    <StratHandle Name="Vivado Synthesis Defaults" Flow="Vivado Synthesis 2024"/>
    <Step Id="synth_design"/>
  </Strategy>
  <BlockFileSet Type="BlockSrcs" Name="matrix_processor_axis_0"/>
</GenRun>
